loss_type,lr,threshold,reg,fold,frac,emb_size,NDCG@5,NDCG,RR,AP,RBP_80,RBP_90,RBP_95
lambda_rbp_80,0.001,4,0,2,2.0,32,0.5557,0.7859999999999999,0.8225,0.5710000000000001,0.4638,0.3532,0.24
