loss_type,lr,threshold,reg,fold,frac,emb_size,NDCG@5,NDCG,RR,AP,RBP_80,RBP_90,RBP_95
lambda_rbp_90,0.01,4,0,0,2.0,32,0.5710000000000001,0.7929999999999999,0.8362,0.5804,0.4733,0.3575,0.2417
