loss_type,lr,threshold,reg,fold,frac,emb_size,NDCG@5,NDCG,RR,AP,RBP_80,RBP_90,RBP_95
lambda_rbp_80,0.01,0,0,0,5.0,32,0.6679999999999999,0.8115,0.8415,0.5897,0.5670000000000001,0.43799999999999994,0.3086
